iteration: ,100000,,,,,,,,,,
alpha: ,0.1,,,,,,,,,,
gamma: ,1,,,,,,,,,,
epsilon: ,1.428571429,,,,,,,,,,
games:  ,300000,,,,,,,,,,
,,,,,,,,,,,
Iterations, Win rate, Loss Rate ,,,,,,,,,
100000,0.365273333,0.556163333,,,,,,,,,
,,,,,,,,,,,
Hard,,,,,,,,,,,
,2,3,4,5,6,7,8,9, T, A,
2,"	H", H, H, H, H, H, H, H, H, H, 
3,"	H", H, H, H, H, H, H, H, H, H, 
4,"	H", H, H, D, H, D, H, H, H, H, 
5,"	H", H, H, H, H, H, H, H, H, H, 
6,"	H", H, H, H, H, H, H, H, H, H, 
7,"	H", H, H, H, D, H, H, H, H, H, 
8,"	H", H, H, H, H, H, H, H, H, H, 
9,"	D", H, H, H, H, H, H, H, H, H, 
10,"	H", D, H, H, H, H, D, H, D, H, 
11,"	D", D, D, H, D, H, H, H, H, H, 
12,"	H", H, H, H, H, H, H, H, H, H, 
13,"	H", H, H, H, H, H, D, H, H, H, 
14,"	H", H, H, H, H, H, H, H, H, H, 
15,"	H", H, H, H, H, H, H, H, H, H, 
16,"	H", H, H, H, H, H, H, H, H, H, 
17,"	H", H, H, H, H, H, H, H, H, H, 
18,"	S", S, S, S, S, S, S, H, D, H, 
19,"	S", S, S, S, S, S, S, S, H, H, 
20,"	S", S, S, S, S, S, S, S, S, S, 
21,"	S", S, S, S, S, S, S, S, S, S, 
Soft,,,,,,,,,,,
,2,3,4,5,6,7,8,9, T, A,
13,"	H", H, H, H, H, H, H, H, H, H, 
14,"	H", H, H, H, H, H, H, H, H, H, 
15,"	H", H, H, D, H, D, H, H, H, H, 
16,"	D", H, H, H, H, H, H, H, H, H, 
17,"	H", H, D, D, H, H, H, H, H, H, 
18,"	H", S, D, D, H, S, H, H, H, H, 
19,"	S", S, S, H, H, S, S, S, H, H, 
20,"	D", S, S, D, S, S, S, S, D, H, 
21,"	D", S, S, D, S, D, S, D, S, S, 
,,,,,,,,,,,
iteration: ,100000,,,,,,,,,,
alpha: ,0.1,,,,,,,,,,
gamma: ,1,,,,,,,,,,
epsilon: ,2,,,,,,,,,,
games:  ,300000,,,,,,,,,,
,,,,,,,,,,,
Iterations, Win rate, Loss Rate ,,,,,,,,,
100000,0.35238,0.568186667,,,,,,,,,
,,,,,,,,,,,
Hard,,,,,,,,,,,
,2,3,4,5,6,7,8,9, T, A,
2,"	H", H, H, H, H, H, H, H, H, H, 
3,"	H", H, H, H, H, H, H, H, H, H, 
4,"	H", D, H, H, H, H, H, H, H, H, 
5,"	H", H, H, D, H, H, H, H, H, H, 
6,"	H", H, H, H, H, H, H, H, H, H, 
7,"	H", H, H, H, H, H, H, H, H, H, 
8,"	H", H, H, H, H, H, H, H, H, H, 
9,"	H", H, H, H, H, H, H, H, H, H, 
10,"	H", D, H, H, H, H, D, H, D, H, 
11,"	H", H, H, D, H, D, H, H, H, H, 
12,"	H", H, H, H, H, D, H, H, H, H, 
13,"	H", H, H, H, D, H, H, H, H, H, 
14,"	H", H, H, H, H, H, H, H, H, H, 
15,"	H", H, H, D, H, H, D, H, H, H, 
16,"	H", H, H, D, H, H, H, H, H, H, 
17,"	H", H, H, H, H, H, H, H, H, H, 
18,"	D", S, S, S, S, S, S, H, H, H, 
19,"	S", S, S, S, S, S, S, S, H, H, 
20,"	S", S, S, S, S, S, S, S, S, S, 
21,"	S", S, S, S, S, S, S, S, S, S, 
Soft,,,,,,,,,,,
,2,3,4,5,6,7,8,9, T, A,
13,"	H", H, H, H, H, H, H, H, H, H, 
14,"	H", H, H, D, D, H, H, H, H, H, 
15,"	D", H, H, D, H, H, D, D, H, H, 
16,"	H", H, H, H, H, H, H, H, D, H, 
17,"	D", H, H, H, H, H, H, H, H, H, 
18,"	S", H, H, H, S, H, D, H, H, H, 
19,"	S", H, H, H, H, H, S, S, H, H, 
20,"	S", D, S, S, S, S, H, S, S, H, 
21,"	S", S, H, H, D, S, S, S, H, S, 
,,,,,,,,,,,
iteration: ,100000,,,,,,,,,,
alpha: ,0.1,,,,,,,,,,
gamma: ,1,,,,,,,,,,
epsilon: ,1,,,,,,,,,,
games:  ,300000,,,,,,,,,,
,,,,,,,,,,,
Iterations, Win rate, Loss Rate ,,,,,,,,,
100000,0.36016,0.56129,,,,,,,,,
,,,,,,,,,,,
Hard,,,,,,,,,,,
,2,3,4,5,6,7,8,9, T, A,
2,"	H", H, H, H, H, H, H, H, H, H, 
3,"	H", H, H, H, H, H, H, H, H, H, 
4,"	H", H, H, H, S, H, H, H, H, H, 
5,"	H", H, H, H, H, H, H, H, H, H, 
6,"	H", H, H, H, H, H, H, H, H, H, 
7,"	H", H, H, H, H, H, H, H, H, H, 
8,"	H", H, H, H, H, H, H, H, H, H, 
9,"	H", H, H, H, H, H, H, H, H, H, 
10,"	H", D, D, H, D, H, H, H, H, H, 
11,"	D", H, D, D, D, H, D, H, H, H, 
12,"	H", H, H, H, H, H, H, H, H, H, 
13,"	H", H, H, H, H, H, H, H, H, H, 
14,"	H", H, H, H, H, H, D, H, H, H, 
15,"	H", H, H, H, H, H, H, H, H, H, 
16,"	H", H, H, H, H, H, H, H, H, H, 
17,"	H", H, H, H, H, H, H, H, H, H, 
18,"	S", S, S, S, S, S, S, H, H, H, 
19,"	S", S, S, S, S, S, S, S, H, H, 
20,"	S", S, S, S, S, S, S, S, S, S, 
21,"	S", S, S, S, S, S, S, S, S, S, 
Soft,,,,,,,,,,,
,2,3,4,5,6,7,8,9, T, A,
13,"	H", H, H, H, S, H, D, H, H, H, 
14,"	H", H, H, H, H, H, H, H, H, H, 
15,"	D", H, H, H, H, H, H, H, H, H, 
16,"	H", H, H, H, H, H, H, H, H, D, 
17,"	H", S, H, H, D, H, H, H, H, H, 
18,"	H", S, S, D, D, S, S, H, H, H, 
19,"	H", D, D, H, S, S, H, H, H, H, 
20,"	S", S, D, D, S, H, S, H, D, H, 
21,"	H", H, H, S, S, D, S, S, S, S, 
,,,,,,,,,,,
iteration: ,5000000,,,,,,,,,,
alpha: ,0.1,,,,,,,,,,
gamma: ,1,,,,,,,,,,
epsilon: ,1,,,,,,,,,,
games:  ,300000,,,,,,,,,,
,,,,,,,,,,,
Iterations, Win rate, Loss Rate ,,,,,,,,,
5000000,0.35803,0.564356667,,,,,,,,,
,,,,,,,,,,,
Hard,,,,,,,,,,,
,2,3,4,5,6,7,8,9, T, A,
2,"	H", H, H, H, H, H, H, H, H, H, 
3,"	H", H, H, H, H, H, H, H, H, H, 
4,"	H", H, D, H, H, H, H, H, H, H, 
5,"	H", H, H, H, H, H, H, H, H, H, 
6,"	H", H, H, H, D, H, H, H, H, H, 
7,"	H", H, H, H, H, H, H, H, H, H, 
8,"	H", H, H, H, H, H, H, H, H, H, 
9,"	H", H, H, D, H, H, H, H, H, H, 
10,"	H", H, H, H, H, H, H, H, H, H, 
11,"	H", H, H, H, D, H, H, H, H, H, 
12,"	H", H, H, H, H, H, H, H, H, H, 
13,"	H", H, H, H, H, H, H, H, H, H, 
14,"	H", D, H, H, H, H, H, H, H, H, 
15,"	H", H, H, D, H, H, H, H, H, H, 
16,"	H", H, D, H, H, H, H, H, H, H, 
17,"	H", H, H, H, H, H, H, H, H, H, 
18,"	S", S, H, S, S, S, S, H, H, H, 
19,"	S", S, S, S, S, S, S, S, H, H, 
20,"	S", S, S, S, S, S, S, S, S, S, 
21,"	S", S, S, S, S, S, S, S, S, S, 
Soft,,,,,,,,,,,
,2,3,4,5,6,7,8,9, T, A,
13,"	H", H, H, H, H, H, H, H, H, H, 
14,"	H", H, H, D, H, H, H, H, H, H, 
15,"	H", H, D, H, H, D, H, H, H, H, 
16,"	H", H, H, H, H, H, H, H, H, H, 
17,"	H", H, H, H, H, H, D, H, H, H, 
18,"	H", H, S, H, D, H, H, H, H, H, 
19,"	H", S, S, S, D, D, S, S, H, H, 
20,"	S", H, D, H, S, S, D, H, D, H, 
21,"	D", H, S, S, D, H, S, S, S, S, 
,,,,,,,,,,,
iteration: ,5000000,,,,,,,,,,
alpha: ,0.4,,,,,,,,,,
gamma: ,1,,,,,,,,,,
epsilon: ,1,,,,,,,,,,
games:  ,300000,,,,,,,,,,
,,,,,,,,,,,
Iterations, Win rate, Loss Rate ,,,,,,,,,
5000000,0.374446667,0.54314,,,,,,,,,
,,,,,,,,,,,
Hard,,,,,,,,,,,
,2,3,4,5,6,7,8,9, T, A,
2,"	H", H, H, H, H, H, H, H, H, H, 
3,"	H", H, H, H, H, H, H, H, H, H, 
4,"	D", D, H, D, D, D, H, D, D, H, 
5,"	H", H, H, D, D, H, D, H, H, D, 
6,"	H", D, D, H, D, H, H, H, D, H, 
7,"	H", H, D, H, H, D, H, H, H, D, 
8,"	D", H, D, H, H, H, D, D, H, D, 
9,"	D", D, D, D, D, H, D, H, H, D, 
10,"	D", D, D, D, D, D, H, H, D, H, 
11,"	H", D, H, H, H, D, D, D, H, H, 
12,"	H", H, H, H, H, D, D, H, H, D, 
13,"	D", H, H, H, H, D, H, H, H, H, 
14,"	H", H, D, H, H, D, D, H, H, H, 
15,"	H", H, H, H, H, H, H, H, H, H, 
16,"	H", H, H, H, H, H, H, H, H, H, 
17,"	H", H, H, H, S, H, H, H, H, H, 
18,"	S", S, S, S, S, S, S, H, H, H, 
19,"	S", S, S, S, S, S, S, S, H, H, 
20,"	S", S, S, S, S, S, S, S, S, S, 
21,"	S", S, S, S, S, S, S, S, S, S, 
Soft,,,,,,,,,,,
,2,3,4,5,6,7,8,9, T, A,
13,"	H", D, D, D, H, D, D, H, H, D, 
14,"	H", H, H, D, H, D, D, D, H, H, 
15,"	D", D, H, H, H, D, D, H, D, H, 
16,"	D", H, D, H, H, H, H, D, H, H, 
17,"	H", H, H, H, S, H, H, H, D, H, 
18,"	S", S, S, S, S, S, S, D, H, H, 
19,"	S", S, S, S, S, S, S, S, H, H, 
20,"	S", S, S, S, S, S, S, S, S, S, 
21,"	S", S, S, S, S, S, S, S, S, S, 
,,,,,,,,,,,
iteration: ,500000,,,,,,,,,,
alpha: ,0.4,,,,,,,,,,
gamma: ,1,,,,,,,,,,
epsilon: ,1,,,,,,,,,,
games:  ,300000,,,,,,,,,,
,,,,,,,,,,,
Iterations, Win rate, Loss Rate ,,,,,,,,,
500000,0.37258,0.548986667,,,,,,,,,
,,,,,,,,,,,
Hard,,,,,,,,,,,
,2,3,4,5,6,7,8,9, T, A,
2,"	H", H, H, H, H, H, H, H, H, H, 
3,"	H", H, H, H, H, H, H, H, H, H, 
4,"	H", H, D, H, D, H, H, D, D, H, 
5,"	H", D, D, H, H, H, D, D, D, H, 
6,"	D", H, D, H, H, H, H, H, H, H, 
7,"	H", H, H, D, H, H, H, H, D, H, 
8,"	H", H, H, D, H, H, H, H, H, H, 
9,"	D", H, H, D, H, D, H, H, D, D, 
10,"	D", H, D, H, H, H, H, D, H, H, 
11,"	H", D, D, D, H, H, H, H, H, H, 
12,"	D", H, H, H, H, H, H, H, H, D, 
13,"	H", H, H, H, D, H, H, H, H, H, 
14,"	H", H, H, H, H, H, H, H, H, H, 
15,"	H", H, H, H, H, H, H, H, H, H, 
16,"	H", H, H, H, H, H, H, H, H, H, 
17,"	H", H, H, H, H, H, H, H, H, H, 
18,"	S", S, S, S, S, S, S, H, H, H, 
19,"	S", S, S, S, S, S, S, S, H, H, 
20,"	S", S, S, S, S, S, S, S, S, S, 
21,"	S", S, S, S, S, S, S, S, S, S, 
Soft,,,,,,,,,,,
,2,3,4,5,6,7,8,9, T, A,
13,"	H", H, H, D, H, H, D, D, H, H, 
14,"	D", H, D, H, H, D, H, H, D, H, 
15,"	H", H, D, D, H, H, H, D, H, H, 
16,"	D", H, D, H, H, D, H, H, D, H, 
17,"	H", H, D, D, H, H, D, H, D, H, 
18,"	D", D, D, H, H, H, D, H, D, H, 
19,"	H", H, H, S, S, H, S, H, D, H, 
20,"	S", H, S, S, S, D, S, S, S, D, 
21,"	S", S, S, S, S, S, S, S, S, S, 
,,,,,,,,,,,
iteration: ,500000,,,,,,,,,,
alpha: ,0.4,,,,,,,,,,
gamma: ,1,,,,,,,,,,
epsilon: ,1,,,,,,,,,,
games:  ,300000,,,,,,,,,,
,,,,,,,,,,,
Iterations, Win rate, Loss Rate ,,,,,,,,,
500000,0.358983333,0.56676,,,,,,,,,
,,,,,,,,,,,
Hard,,,,,,,,,,,
,2,3,4,5,6,7,8,9, T, A,
2,"	H", H, H, H, H, H, H, H, H, H, 
3,"	H", H, H, H, H, H, H, H, H, H, 
4,"	D", D, H, H, H, H, H, H, D, H, 
5,"	H", H, H, H, H, D, H, H, H, H, 
6,"	H", D, H, D, H, H, H, H, H, H, 
7,"	H", H, H, H, H, H, H, D, H, H, 
8,"	H", H, H, H, H, H, H, H, H, H, 
9,"	D", H, D, H, H, H, H, H, H, H, 
10,"	H", H, D, H, H, D, D, H, H, H, 
11,"	H", H, H, H, H, H, H, H, H, H, 
12,"	H", H, H, H, H, H, H, H, H, H, 
13,"	H", H, H, H, H, H, H, H, H, H, 
14,"	H", H, H, H, H, H, H, H, H, H, 
15,"	H", H, H, H, D, H, H, H, H, H, 
16,"	H", H, H, H, H, H, H, H, H, H, 
17,"	H", H, H, H, H, H, H, H, H, H, 
18,"	S", H, S, S, S, S, H, H, H, H, 
19,"	S", S, S, S, S, S, S, S, H, H, 
20,"	S", S, S, S, S, S, S, S, S, S, 
21,"	S", S, S, S, S, S, S, S, S, S, 
Soft,,,,,,,,,,,
,2,3,4,5,6,7,8,9, T, A,
13,"	H", H, H, H, H, H, H, H, D, H, 
14,"	D", H, H, H, H, H, H, H, H, H, 
15,"	H", H, H, D, H, H, H, H, H, H, 
16,"	H", D, H, H, H, D, D, H, H, H, 
17,"	H", H, D, H, H, H, H, H, D, H, 
18,"	D", D, S, H, H, D, D, H, H, H, 
19,"	S", S, S, H, D, S, S, H, H, H, 
20,"	S", S, H, H, H, S, H, D, H, S, 
21,"	S", S, S, S, H, S, S, S, S, S, 
,,,,,,,,,,,
iteration: ,500000,,,,,,,,,,
alpha: ,0.4,,,,,,,,,,
gamma: ,1,,,,,,,,,,
epsilon: ,1,,,,,,,,,,
games:  ,300000,,,,,,,,,,
,,,,,,,,,,,
Iterations, Win rate, Loss Rate ,,,,,,,,,
500000,0.396563333,0.532653333,,,,,,,,,
,,,,,,,,,,,
Hard,,,,,,,,,,,
,2,3,4,5,6,7,8,9, T, A,
2,"	H", H, H, H, H, H, H, H, H, H, 
3,"	H", H, H, H, H, H, H, H, H, H, 
4,"	D", S, S, H, S, H, H, H, D, D, 
5,"	H", D, S, S, S, H, H, D, S, D, 
6,"	D", H, S, H, D, H, H, D, S, H, 
7,"	H", D, S, S, H, S, H, D, D, H, 
8,"	S", S, H, S, H, H, H, H, H, H, 
9,"	H", D, D, S, S, D, S, H, S, D, 
10,"	S", S, S, H, S, D, H, D, S, S, 
11,"	H", D, S, H, H, D, D, S, D, S, 
12,"	S", H, D, S, S, H, H, H, H, H, 
13,"	H", D, H, S, S, H, D, H, S, D, 
14,"	D", H, S, H, S, D, D, H, D, H, 
15,"	D", S, H, S, H, H, S, S, S, D, 
16,"	H", S, H, H, S, H, H, H, S, H, 
17,"	H", D, S, S, S, D, H, H, H, H, 
18,"	S", S, S, S, S, S, S, H, S, S, 
19,"	S", S, S, S, S, S, S, S, S, H, 
20,"	S", S, S, S, S, S, S, S, S, S, 
21,"	S", S, S, S, S, S, S, S, S, S, 
Soft,,,,,,,,,,,
,2,3,4,5,6,7,8,9, T, A,
13,"	D", D, S, S, S, D, H, H, H, S, 
14,"	H", D, D, S, H, H, H, D, D, H, 
15,"	H", S, S, H, S, D, S, H, H, H, 
16,"	H", S, H, S, S, D, S, H, S, H, 
17,"	S", S, S, S, S, S, S, H, D, H, 
18,"	S", S, S, S, S, S, S, H, S, D, 
19,"	S", S, S, S, S, S, S, S, S, D, 
20,"	S", S, S, S, S, S, S, S, S, S, 
21,"	S", S, S, S, S, S, S, S, S, S, 
,,,,,,,,,,,
iteration: ,500000,,,,,,,,,,
alpha: ,0.4,,,,,,,,,,
gamma: ,1,,,,,,,,,,
epsilon: ,1,,,,,,,,,,
games:  ,300000,,,,,,,,,,
,,,,,,,,,,,
Iterations, Win rate, Loss Rate ,,,,,,,,,
500000,0.378113333,0.565956667,,,,,,,,,
,,,,,,,,,,,
Hard,,,,,,,,,,,
,2,3,4,5,6,7,8,9, T, A,
2,"	H", H, H, H, H, H, H, H, H, H, 
3,"	H", H, H, H, H, H, H, H, H, H, 
4,"	S", S, S, S, S, H, H, S, S, H, 
5,"	S", H, S, S, S, S, S, D, S, H, 
6,"	S", S, S, S, S, S, S, S, S, H, 
7,"	S", S, D, S, D, S, S, S, S, S, 
8,"	S", D, S, S, S, H, S, S, S, H, 
9,"	S", S, S, S, S, S, S, S, S, H, 
10,"	S", S, S, S, S, S, S, S, S, H, 
11,"	S", S, S, S, S, S, S, S, S, S, 
12,"	S", S, S, S, S, S, S, S, S, S, 
13,"	S", S, S, S, S, S, S, S, S, S, 
14,"	S", S, S, S, S, H, S, S, H, S, 
15,"	H", D, S, D, S, S, S, S, S, D, 
16,"	S", S, S, S, S, S, S, S, D, S, 
17,"	S", S, S, S, S, S, D, S, S, D, 
18,"	S", S, S, S, S, S, S, S, D, S, 
19,"	S", S, S, S, S, S, S, S, S, S, 
20,"	S", S, S, S, S, S, S, S, S, S, 
21,"	S", S, S, S, S, S, S, S, S, S, 
Soft,,,,,,,,,,,
,2,3,4,5,6,7,8,9, T, A,
13,"	S", S, S, S, S, H, S, S, S, S, 
14,"	S", S, S, S, S, S, S, S, S, H, 
15,"	S", S, S, S, S, S, S, S, S, D, 
16,"	S", H, S, S, S, H, S, S, S, S, 
17,"	S", S, S, S, S, S, S, S, S, S, 
18,"	S", S, S, S, S, S, S, S, D, S, 
19,"	S", S, S, S, S, S, S, H, S, S, 
20,"	S", S, S, S, H, S, S, S, S, S, 
21,"	S", S, S, S, S, S, S, S, S, S, 
,,,,,,,,,,,
iteration: ,500000,,,,,,,,,,
alpha: ,0.4,,,,,,,,,,
gamma: ,1,,,,,,,,,,
epsilon: ,1,,,,,,,,,,
games:  ,300000,,,,,,,,,,
,,,,,,,,,,,
Iterations, Win rate, Loss Rate ,,,,,,,,,
500000,0.38523,0.542856667,,,,,,,,,
,,,,,,,,,,,
Hard,,,,,,,,,,,
,2,3,4,5,6,7,8,9, T, A,
2,"	H", H, H, H, H, H, H, H, H, H, 
3,"	H", H, H, H, H, H, H, H, H, H, 
4,"	D", S, D, S, S, S, H, H, D, H, 
5,"	S", H, S, S, S, D, D, D, S, H, 
6,"	S", H, S, H, D, H, H, D, D, H, 
7,"	S", D, D, D, H, D, D, H, D, H, 
8,"	S", H, S, H, S, S, D, D, H, H, 
9,"	H", H, S, H, S, S, H, H, D, S, 
10,"	H", S, S, H, S, D, S, S, S, H, 
11,"	S", H, H, D, H, S, H, S, S, D, 
12,"	H", D, D, S, D, H, D, D, H, S, 
13,"	H", S, S, D, H, H, D, H, S, S, 
14,"	H", S, S, H, H, S, H, H, S, H, 
15,"	H", H, H, H, D, H, D, H, H, H, 
16,"	S", S, S, S, H, S, D, S, H, H, 
17,"	H", H, S, H, S, H, H, S, S, H, 
18,"	S", S, S, S, S, S, S, S, S, H, 
19,"	S", S, S, S, S, S, S, S, S, H, 
20,"	S", S, S, S, S, S, S, S, S, S, 
21,"	S", S, S, S, S, S, S, S, S, S, 
Soft,,,,,,,,,,,
,2,3,4,5,6,7,8,9, T, A,
13,"	S", S, D, S, S, S, H, S, S, D, 
14,"	H", H, D, S, S, D, H, D, S, S, 
15,"	S", D, S, S, S, D, H, D, S, H, 
16,"	D", S, S, S, S, H, H, D, S, H, 
17,"	S", D, S, S, S, S, D, H, H, D, 
18,"	S", S, S, S, S, S, S, S, S, S, 
19,"	S", S, S, S, S, S, S, S, S, S, 
20,"	S", S, S, D, S, S, S, S, S, S, 
21,"	S", S, S, S, S, S, S, S, S, S, 
,,,,,,,,,,,
iteration: ,500000,,,,,,,,,,
alpha: ,0.4,,,,,,,,,,
gamma: ,1,,,,,,,,,,
epsilon: ,1,,,,,,,,,,
games:  ,300000,,,,,,,,,,
,,,,,,,,,,,
Iterations, Win rate, Loss Rate ,,,,,,,,,
500000,0.369743333,0.551296667,,,,,,,,,
,,,,,,,,,,,
Hard,,,,,,,,,,,
,2,3,4,5,6,7,8,9, T, A,
2,"	H", H, H, H, H, H, H, H, H, H, 
3,"	H", H, H, H, H, H, H, H, H, H, 
4,"	H", H, D, H, H, H, H, H, D, D, 
5,"	H", H, H, H, D, H, H, H, D, H, 
6,"	H", D, H, D, D, H, D, D, D, D, 
7,"	D", H, D, D, H, H, H, H, H, H, 
8,"	D", H, D, D, H, D, H, D, D, H, 
9,"	D", H, D, D, H, D, H, D, H, H, 
10,"	H", H, D, H, H, H, D, D, H, H, 
11,"	D", H, D, D, H, D, H, H, H, H, 
12,"	H", D, H, H, H, D, H, H, H, H, 
13,"	H", H, D, H, H, H, H, H, H, H, 
14,"	D", H, H, H, H, H, H, H, H, H, 
15,"	H", H, H, H, H, H, H, H, H, H, 
16,"	H", H, H, H, H, H, H, H, H, H, 
17,"	H", H, H, H, H, H, H, H, H, H, 
18,"	S", S, S, S, S, S, S, H, H, H, 
19,"	S", S, S, S, S, S, S, S, H, H, 
20,"	S", S, S, S, S, S, S, S, S, S, 
21,"	S", S, S, S, S, S, S, S, S, S, 
Soft,,,,,,,,,,,
,2,3,4,5,6,7,8,9, T, A,
13,"	H", D, D, H, D, H, D, H, H, H, 
14,"	H", H, D, H, H, H, H, D, H, H, 
15,"	D", H, H, D, D, D, H, H, H, H, 
16,"	H", D, H, H, H, D, D, H, H, H, 
17,"	H", H, H, D, H, D, D, H, D, H, 
18,"	H", S, H, S, D, H, D, H, D, D, 
19,"	S", S, S, D, D, S, S, H, H, H, 
20,"	H", S, D, D, H, H, H, S, S, H, 
21,"	S", S, S, S, S, S, S, S, S, S, 
,,,,,,,,,,,
iteration: ,500000,,,,,,,,,,
alpha: ,0.4,,,,,,,,,,
gamma: ,1,,,,,,,,,,
epsilon: ,1,,,,,,,,,,
games:  ,300000,,,,,,,,,,
,,,,,,,,,,,
Iterations, Win rate, Loss Rate ,,,,,,,,,
500000,0.392023333,0.52493,,,,,,,,,
,,,,,,,,,,,
Hard,,,,,,,,,,,
,2,3,4,5,6,7,8,9, T, A,
2,"	H", H, H, H, H, H, H, H, H, H, 
3,"	H", H, H, H, H, H, H, H, H, H, 
4,"	D", D, D, H, S, D, H, D, D, D, 
5,"	H", D, H, D, D, D, H, H, H, H, 
6,"	D", D, S, D, D, D, D, H, D, H, 
7,"	H", S, H, H, D, D, D, D, H, H, 
8,"	H", D, H, D, S, D, D, S, H, H, 
9,"	D", H, D, D, D, H, H, D, H, D, 
10,"	H", H, S, H, S, H, H, H, D, H, 
11,"	H", H, D, H, H, D, D, H, H, H, 
12,"	H", D, D, H, H, D, H, H, H, H, 
13,"	H", H, H, H, D, H, H, H, H, H, 
14,"	H", H, D, H, H, H, H, H, H, H, 
15,"	H", S, D, H, D, S, D, D, H, H, 
16,"	H", H, H, H, H, H, H, H, H, H, 
17,"	H", H, H, S, S, H, H, H, H, H, 
18,"	S", S, S, S, S, S, S, S, H, H, 
19,"	S", S, S, S, S, S, S, S, S, H, 
20,"	S", S, S, S, S, S, S, S, S, S, 
21,"	S", S, S, S, S, S, S, S, S, S, 
Soft,,,,,,,,,,,
,2,3,4,5,6,7,8,9, T, A,
13,"	H", D, H, S, H, H, D, D, D, D, 
14,"	D", D, S, S, S, H, S, H, H, H, 
15,"	H", S, D, H, S, H, S, D, H, H, 
16,"	D", H, D, H, S, H, S, H, D, H, 
17,"	D", S, S, S, S, S, D, D, H, D, 
18,"	D", S, S, S, S, S, S, S, S, H, 
19,"	S", S, S, S, S, S, S, S, S, D, 
20,"	S", S, S, S, S, S, S, S, S, S, 
21,"	S", S, S, S, S, S, S, S, S, S, 
,,,,,,,,,,,
iteration: ,500000,,,,,,,,,,
alpha: ,0.4,,,,,,,,,,
gamma: ,1,,,,,,,,,,
epsilon: ,1,,,,,,,,,,
games:  ,300000,,,,,,,,,,
,,,,,,,,,,,
Iterations, Win rate, Loss Rate ,,,,,,,,,
500000,0.377713333,0.540303333,,,,,,,,,
,,,,,,,,,,,
Hard,,,,,,,,,,,
,2,3,4,5,6,7,8,9, T, A,
2,"	H", H, H, H, H, H, H, H, H, H, 
3,"	H", H, H, H, H, H, H, H, H, H, 
4,"	H", D, H, D, H, H, H, H, H, D, 
5,"	H", H, D, D, D, H, D, D, D, H, 
6,"	D", H, H, D, D, H, H, D, H, H, 
7,"	D", D, D, H, H, H, D, H, H, H, 
8,"	H", H, H, H, D, H, H, H, H, H, 
9,"	H", D, H, D, H, D, H, D, D, H, 
10,"	D", H, H, H, D, H, D, D, D, H, 
11,"	H", D, H, H, H, D, H, H, H, H, 
12,"	H", H, D, H, H, D, D, H, H, H, 
13,"	H", D, H, H, D, H, H, H, H, H, 
14,"	H", H, H, H, H, H, H, H, H, H, 
15,"	H", H, H, H, H, H, H, H, H, H, 
16,"	H", H, H, H, H, H, H, H, H, H, 
17,"	H", H, H, H, S, H, H, H, H, H, 
18,"	S", S, S, S, S, S, S, H, H, H, 
19,"	S", S, S, S, S, S, S, S, H, H, 
20,"	S", S, S, S, S, S, S, S, S, S, 
21,"	S", S, S, S, S, S, S, S, S, S, 
Soft,,,,,,,,,,,
,2,3,4,5,6,7,8,9, T, A,
13,"	D", D, H, H, D, D, D, H, H, H, 
14,"	D", H, D, H, H, D, H, H, D, H, 
15,"	D", H, D, D, D, D, D, H, D, H, 
16,"	H", D, D, D, H, D, D, D, H, H, 
17,"	D", D, H, S, S, S, H, H, D, H, 
18,"	S", S, S, S, S, S, S, D, D, H, 
19,"	S", S, S, S, S, S, S, S, H, H, 
20,"	S", S, S, S, S, S, S, S, S, H, 
21,"	S", S, S, S, S, S, S, S, S, S, 
,,,,,,,,,,,
iteration: ,500000,,,,,,,,,,
alpha: ,0.4,,,,,,,,,,
gamma: ,1,,,,,,,,,,
epsilon: ,1,,,,,,,,,,
games:  ,300000,,,,,,,,,,
,,,,,,,,,,,
Iterations, Win rate, Loss Rate ,,,,,,,,,
500000,0.374416667,0.54449,,,,,,,,,
,,,,,,,,,,,
Hard,,,,,,,,,,,
,2,3,4,5,6,7,8,9, T, A,
2,"	H", H, H, H, H, H, H, H, H, H, 
3,"	H", H, H, H, H, H, H, H, H, H, 
4,"	H", H, H, D, D, D, D, H, D, H, 
5,"	D", D, D, D, D, D, D, D, D, D, 
6,"	D", H, H, H, H, D, H, H, D, H, 
7,"	D", H, D, H, D, D, D, H, H, H, 
8,"	D", D, D, D, H, H, D, H, H, D, 
9,"	H", D, H, H, H, H, D, D, H, H, 
10,"	D", H, H, D, H, D, H, H, D, H, 
11,"	D", H, H, D, H, H, H, H, H, H, 
12,"	H", H, D, H, D, H, H, H, H, H, 
13,"	H", H, H, H, H, D, H, H, H, H, 
14,"	H", H, H, H, D, H, H, H, H, H, 
15,"	H", H, H, H, H, H, H, H, H, H, 
16,"	H", H, H, H, H, H, H, H, H, H, 
17,"	H", H, H, H, S, H, H, H, H, H, 
18,"	S", S, S, S, S, S, S, H, H, H, 
19,"	S", S, S, S, S, S, S, S, H, H, 
20,"	S", S, S, S, S, S, S, S, S, S, 
21,"	S", S, S, S, S, S, S, S, S, S, 
Soft,,,,,,,,,,,
,2,3,4,5,6,7,8,9, T, A,
13,"	D", H, D, H, H, H, H, D, D, H, 
14,"	D", H, D, D, H, H, H, H, H, H, 
15,"	D", H, H, H, H, H, D, H, H, H, 
16,"	D", D, H, H, D, D, H, H, D, H, 
17,"	H", H, H, H, H, H, D, H, H, H, 
18,"	H", S, S, S, D, S, S, D, H, D, 
19,"	S", H, D, S, S, S, S, S, S, D, 
20,"	S", S, S, S, S, S, H, S, S, S, 
21,"	S", S, S, S, S, S, S, S, S, S, 
,,,,,,,,,,,
iteration: ,500000,,,,,,,,,,
alpha: ,0.4,,,,,,,,,,
gamma: ,1,,,,,,,,,,
epsilon: ,0.99,,,,,,,,,,
games:  ,300000,,,,,,,,,,
,,,,,,,,,,,
Iterations, Win rate, Loss Rate ,,,,,,,,,
500000,0.383233333,0.561126667,,,,,,,,,
,,,,,,,,,,,
Hard,,,,,,,,,,,
,2,3,4,5,6,7,8,9, T, A,
2,"	H", H, H, H, H, H, H, H, H, H, 
3,"	H", H, H, H, H, H, H, H, H, H, 
4,"	H", H, D, H, D, H, D, D, S, H, 
5,"	D", S, S, S, D, S, H, D, S, S, 
6,"	S", S, H, H, S, S, S, S, S, S, 
7,"	H", S, D, D, S, S, S, D, S, S, 
8,"	S", H, S, S, S, S, S, D, S, S, 
9,"	S", S, S, S, S, H, S, S, S, D, 
10,"	S", S, S, S, D, S, S, S, S, S, 
11,"	S", S, S, S, S, S, S, D, S, S, 
12,"	S", S, S, S, S, S, S, S, S, S, 
13,"	S", S, S, S, S, S, S, S, S, S, 
14,"	S", S, S, S, S, S, S, S, S, S, 
15,"	S", S, S, S, S, S, S, S, S, S, 
16,"	S", S, S, S, S, D, S, H, H, S, 
17,"	S", D, S, S, S, S, D, S, S, S, 
18,"	S", S, S, S, S, S, S, S, S, S, 
19,"	S", S, S, S, S, S, S, S, S, S, 
20,"	S", S, S, S, S, S, S, S, S, S, 
21,"	S", S, S, S, S, S, S, S, S, S, 
Soft,,,,,,,,,,,
,2,3,4,5,6,7,8,9, T, A,
13,"	S", S, S, D, H, H, D, S, S, S, 
14,"	D", S, D, D, S, H, D, H, S, S, 
15,"	S", S, S, S, H, D, D, H, S, D, 
16,"	D", D, H, S, D, S, D, D, S, S, 
17,"	S", S, H, S, H, H, S, H, S, S, 
18,"	H", S, S, S, S, S, H, S, S, S, 
19,"	S", D, S, S, S, S, S, S, S, S, 
20,"	D", S, D, S, S, D, S, S, S, S, 
21,"	S", S, S, S, S, S, S, S, S, S, 
,,,,,,,,,,,
iteration: ,500000,,,,,,,,,,
alpha: ,0.4,,,,,,,,,,
gamma: ,1,,,,,,,,,,
epsilon: ,0.99,,,,,,,,,,
games:  ,300000,,,,,,,,,,
,,,,,,,,,,,
Iterations, Win rate, Loss Rate ,,,,,,,,,
500000,0.378896667,0.565006667,,,,,,,,,
,,,,,,,,,,,
Hard,,,,,,,,,,,
,2,3,4,5,6,7,8,9, T, A,
2,"	H", H, H, H, H, H, H, H, H, H, 
3,"	H", H, H, H, H, H, H, H, H, H, 
4,"	S", H, H, D, H, H, H, S, S, H, 
5,"	D", D, H, S, D, S, H, H, S, D, 
6,"	H", D, H, S, D, S, S, D, S, S, 
7,"	S", S, S, S, S, D, S, S, S, S, 
8,"	S", S, S, S, S, D, S, D, S, S, 
9,"	S", S, S, S, S, D, S, S, S, S, 
10,"	S", H, S, S, S, S, S, H, S, S, 
11,"	S", S, S, S, S, S, S, S, S, S, 
12,"	S", S, S, S, S, S, S, S, H, S, 
13,"	H", S, S, S, S, S, S, D, S, S, 
14,"	S", S, S, S, S, S, S, S, S, S, 
15,"	S", D, S, S, S, S, S, S, D, D, 
16,"	S", S, S, S, S, S, S, S, S, S, 
17,"	H", S, S, S, S, S, S, S, S, S, 
18,"	S", S, S, S, S, S, S, S, S, S, 
19,"	S", S, S, S, S, S, S, D, D, S, 
20,"	S", S, S, S, S, S, S, S, S, S, 
21,"	S", S, S, S, S, S, S, S, S, S, 
Soft,,,,,,,,,,,
,2,3,4,5,6,7,8,9, T, A,
13,"	S", H, S, D, H, D, S, S, S, S, 
14,"	H", D, D, S, S, D, H, D, S, S, 
15,"	S", D, H, S, H, H, D, D, S, S, 
16,"	D", S, S, H, D, D, D, S, S, S, 
17,"	S", D, S, S, S, S, S, S, H, H, 
18,"	H", H, H, S, H, S, S, S, S, S, 
19,"	S", S, S, S, H, S, H, S, S, S, 
20,"	S", D, D, S, S, S, S, S, S, S, 
21,"	S", S, S, S, S, S, S, S, S, S, 
,,,,,,,,,,,
iteration: ,500000,,,,,,,,,,
alpha: ,0.01,,,,,,,,,,
gamma: ,1,,,,,,,,,,
epsilon: ,0.99,,,,,,,,,,
games:  ,300000,,,,,,,,,,
,,,,,,,,,,,
Iterations, Win rate, Loss Rate ,,,,,,,,,
500000,0.3763,0.543706667,,,,,,,,,
,,,,,,,,,,,
Hard,,,,,,,,,,,
,2,3,4,5,6,7,8,9, T, A,
2,"	H", H, H, H, H, H, H, H, H, H, 
3,"	H", H, H, H, H, H, H, H, H, H, 
4,"	H", H, H, D, H, H, H, H, H, H, 
5,"	H", H, H, H, H, H, H, H, H, H, 
6,"	H", H, H, H, H, H, H, H, H, H, 
7,"	H", H, H, D, H, H, H, H, H, H, 
8,"	H", H, H, H, D, D, H, H, H, H, 
9,"	H", D, D, D, D, D, H, H, H, H, 
10,"	H", D, H, D, H, D, D, D, H, H, 
11,"	D", D, D, D, D, D, D, D, D, H, 
12,"	D", H, H, H, S, H, D, H, H, H, 
13,"	H", H, H, D, D, H, D, H, H, H, 
14,"	H", H, H, H, D, H, H, H, H, H, 
15,"	H", D, D, D, D, H, D, D, H, H, 
16,"	H", H, H, H, D, D, H, H, D, H, 
17,"	H", D, H, H, D, H, H, H, H, H, 
18,"	S", S, S, S, S, S, S, D, H, H, 
19,"	S", S, S, S, S, S, S, S, H, S, 
20,"	S", S, S, S, S, S, S, S, S, S, 
21,"	S", S, S, S, S, S, S, S, S, S, 
Soft,,,,,,,,,,,
,2,3,4,5,6,7,8,9, T, A,
13,"	D", D, H, H, H, D, H, H, D, H, 
14,"	H", H, D, D, D, D, H, H, H, H, 
15,"	H", H, D, H, D, H, H, H, D, H, 
16,"	D", H, D, D, D, H, H, H, H, H, 
17,"	H", H, H, D, D, D, H, H, H, H, 
18,"	D", H, D, D, D, D, H, D, H, H, 
19,"	D", D, D, D, D, D, D, D, H, H, 
20,"	D", H, D, D, D, D, D, H, D, H, 
21,"	S", S, S, S, S, S, S, S, S, S, 
,,,,,,,,,,,
iteration: ,100000,,,,,,,,,,
alpha: ,0.01,,,,,,,,,,
gamma: ,1,,,,,,,,,,
epsilon: ,0.99,,,,,,,,,,
games:  ,100000,,,,,,,,,,
,,,,,,,,,,,
Iterations, Win rate, Loss Rate ,,,,,,,,,
100000,0.39735,0.51402,,,,,,,,,
,,,,,,,,,,,
Hard,,,,,,,,,,,
,2,3,4,5,6,7,8,9, T, A,
2,"	H", H, H, H, H, H, H, H, H, H, 
3,"	H", H, H, H, H, H, H, H, H, H, 
4,"	D", H, H, S, S, H, H, H, H, H, 
5,"	H", H, H, D, S, D, H, H, H, H, 
6,"	H", H, H, H, H, H, H, H, H, H, 
7,"	H", H, D, H, H, H, H, H, H, H, 
8,"	D", H, D, H, D, D, H, H, H, H, 
9,"	H", H, D, D, D, D, H, H, H, H, 
10,"	D", D, D, D, D, D, D, D, H, H, 
11,"	D", D, D, D, D, D, D, D, D, H, 
12,"	D", D, H, H, H, H, H, H, H, H, 
13,"	H", S, D, H, D, D, H, H, H, H, 
14,"	H", H, D, H, D, H, H, H, H, H, 
15,"	H", H, D, S, S, H, H, H, H, H, 
16,"	H", H, H, H, S, H, H, H, H, H, 
17,"	S", H, S, S, S, S, H, H, H, H, 
18,"	S", S, S, S, S, S, S, S, H, H, 
19,"	S", S, S, S, S, S, S, S, S, S, 
20,"	S", S, S, S, S, S, S, S, S, S, 
21,"	S", S, S, S, S, S, S, S, S, S, 
Soft,,,,,,,,,,,
,2,3,4,5,6,7,8,9, T, A,
13,"	D", D, D, D, D, D, H, H, H, H, 
14,"	D", H, D, D, D, H, H, H, H, H, 
15,"	H", D, S, D, D, H, H, H, H, H, 
16,"	D", H, H, D, D, H, H, H, H, H, 
17,"	H", D, D, S, D, D, D, H, H, H, 
18,"	S", D, D, S, D, D, S, D, H, H, 
19,"	D", D, S, S, D, D, D, S, H, D, 
20,"	D", D, D, D, D, D, D, S, D, S, 
21,"	S", S, S, S, S, S, S, S, S, S, 
,,,,,,,,,,,
iteration: ,10000,,,,,,,,,,
alpha: ,0.01,,,,,,,,,,
gamma: ,1,,,,,,,,,,
epsilon: ,0.99,,,,,,,,,,
games:  ,10000,,,,,,,,,,
,,,,,,,,,,,
Iterations, Win rate, Loss Rate ,,,,,,,,,
10000,0.4096,0.5024,,,,,,,,,
,,,,,,,,,,,
Hard,,,,,,,,,,,
,2,3,4,5,6,7,8,9, T, A,
2,"	H", H, H, H, H, H, H, H, H, H, 
3,"	H", H, H, H, H, H, H, H, H, H, 
4,"	H", D, D, H, D, S, S, D, S, S, 
5,"	S", H, D, D, H, H, S, D, H, D, 
6,"	H", H, H, D, S, H, H, H, H, H, 
7,"	D", D, D, D, H, H, H, H, H, H, 
8,"	H", D, H, S, D, H, D, H, H, H, 
9,"	D", H, H, D, D, D, D, H, H, H, 
10,"	H", D, H, D, D, D, H, D, H, H, 
11,"	H", D, D, D, D, H, D, D, D, D, 
12,"	S", S, H, D, D, H, H, S, H, H, 
13,"	S", S, D, D, S, H, S, H, H, H, 
14,"	H", D, S, S, S, D, D, H, H, H, 
15,"	S", H, S, D, S, D, H, S, H, S, 
16,"	S", S, S, S, S, D, S, H, H, S, 
17,"	S", S, S, S, S, S, H, S, S, H, 
18,"	S", S, S, S, S, S, S, S, S, S, 
19,"	S", S, S, S, S, S, S, S, S, S, 
20,"	S", S, S, S, S, S, S, S, S, S, 
21,"	S", S, S, S, S, S, S, S, S, S, 
Soft,,,,,,,,,,,
,2,3,4,5,6,7,8,9, T, A,
13,"	H", H, H, D, D, D, H, H, H, S, 
14,"	D", H, D, H, S, H, H, D, H, H, 
15,"	S", D, H, D, H, D, H, D, H, H, 
16,"	S", S, D, H, S, D, D, D, H, H, 
17,"	H", D, S, S, D, H, D, H, D, H, 
18,"	S", S, S, D, D, D, S, H, H, D, 
19,"	D", S, H, D, D, H, S, H, S, D, 
20,"	D", D, D, D, S, S, D, S, S, S, 
21,"	S", D, S, S, D, S, S, S, S, S, 
,,,,,,,,,,,
iteration: ,10000,,,,,,,,,,
alpha: ,0.01,,,,,,,,,,
gamma: ,1,,,,,,,,,,
epsilon: ,0.99,,,,,,,,,,
games:  ,10000,,,,,,,,,,
,,,,,,,,,,,
Iterations, Win rate, Loss Rate ,,,,,,,,,
10000,0.4144,0.4983,,,,,,,,,
,,,,,,,,,,,
Hard,,,,,,,,,,,
,2,3,4,5,6,7,8,9, T, A,
2,"	H", H, H, H, H, H, H, H, H, H, 
3,"	H", H, H, H, H, H, H, H, H, H, 
4,"	D", H, H, H, D, H, H, H, H, H, 
5,"	S", H, D, S, H, H, S, H, H, H, 
6,"	S", H, H, D, H, H, D, H, H, H, 
7,"	H", D, D, H, S, D, H, H, H, H, 
8,"	H", D, D, S, D, H, H, H, H, H, 
9,"	H", S, D, S, D, H, H, H, H, H, 
10,"	D", D, D, H, D, D, D, H, H, H, 
11,"	D", D, D, D, D, D, D, H, D, H, 
12,"	H", D, S, S, D, H, S, H, H, H, 
13,"	S", H, H, S, S, D, H, S, H, H, 
14,"	S", S, S, S, S, H, S, D, H, H, 
15,"	D", S, S, D, S, H, H, S, H, H, 
16,"	S", S, S, S, S, S, S, S, H, S, 
17,"	S", S, S, S, S, S, S, S, S, S, 
18,"	S", S, S, S, S, S, S, S, S, S, 
19,"	S", S, S, S, S, S, S, S, S, S, 
20,"	S", S, S, S, S, S, S, S, S, S, 
21,"	S", S, S, S, S, S, S, S, S, S, 
Soft,,,,,,,,,,,
,2,3,4,5,6,7,8,9, T, A,
13,"	D", D, H, S, D, H, H, D, H, H, 
14,"	H", H, D, H, D, D, D, D, H, D, 
15,"	D", S, D, D, H, H, D, D, H, H, 
16,"	D", D, H, S, H, S, D, S, H, H, 
17,"	D", D, H, H, H, S, S, H, H, D, 
18,"	S", D, D, D, S, D, H, D, H, S, 
19,"	D", S, D, D, D, S, H, S, S, S, 
20,"	H", D, S, D, S, D, H, D, S, H, 
21,"	S", S, D, S, S, S, S, S, S, S, 
,,,,,,,,,,,
iteration: ,10000,,,,,,,,,,
alpha: ,0.01,,,,,,,,,,
gamma: ,1,,,,,,,,,,
epsilon: ,0.99,,,,,,,,,,
games:  ,10000,,,,,,,,,,
,,,,,,,,,,,
Iterations, Win rate, Loss Rate ,,,,,,,,,
10000,0.3946,0.5194,,,,,,,,,
,,,,,,,,,,,
Hard,,,,,,,,,,,
,2,3,4,5,6,7,8,9, T, A,
2,"	H", H, H, H, H, H, H, H, H, H, 
3,"	H", H, H, H, H, H, H, H, H, H, 
4,"	H", H, H, H, H, H, H, S, H, H, 
5,"	H", H, H, H, H, H, H, H, H, H, 
6,"	H", S, D, H, D, H, H, H, H, H, 
7,"	D", H, H, H, H, H, H, H, H, H, 
8,"	H", H, H, H, H, H, H, H, H, H, 
9,"	H", H, D, H, D, H, H, D, H, H, 
10,"	H", H, H, H, H, D, H, H, H, H, 
11,"	H", H, D, H, H, D, H, H, H, H, 
12,"	D", H, H, D, H, H, D, H, H, H, 
13,"	H", S, S, S, H, H, H, S, H, H, 
14,"	H", S, H, S, H, H, D, H, H, H, 
15,"	H", D, S, S, S, D, D, D, H, H, 
16,"	D", H, S, S, H, H, S, H, H, H, 
17,"	S", H, S, S, S, S, D, S, D, H, 
18,"	S", S, S, S, S, S, S, D, D, H, 
19,"	S", S, S, S, S, S, S, S, D, S, 
20,"	S", S, S, S, S, S, S, S, S, S, 
21,"	S", S, S, S, S, S, S, S, S, S, 
Soft,,,,,,,,,,,
,2,3,4,5,6,7,8,9, T, A,
13,"	H", H, D, D, D, H, H, H, H, H, 
14,"	D", H, S, H, D, H, H, H, H, H, 
15,"	S", H, H, H, H, H, H, H, H, H, 
16,"	H", H, H, H, S, H, H, H, H, H, 
17,"	H", S, H, H, H, H, H, D, H, H, 
18,"	D", H, H, H, S, H, H, D, H, H, 
19,"	D", S, S, S, S, S, H, S, S, H, 
20,"	S", H, D, S, D, S, S, S, S, H, 
21,"	S", D, S, S, S, S, S, S, S, S, 
,,,,,,,,,,,
iteration: ,10000,,,,,,,,,,
alpha: ,0.01,,,,,,,,,,
gamma: ,1,,,,,,,,,,
epsilon: ,0.99,,,,,,,,,,
games:  ,10000,,,,,,,,,,
,,,,,,,,,,,
Iterations, Win rate, Loss Rate ,,,,,,,,,
10000,0.3944,0.5229,,,,,,,,,
,,,,,,,,,,,
Hard,,,,,,,,,,,
,2,3,4,5,6,7,8,9, T, A,
2,"	H", H, H, H, H, H, H, H, H, H, 
3,"	H", H, H, H, H, H, H, H, H, H, 
4,"	S", S, H, H, S, H, H, S, H, H, 
5,"	H", H, H, H, H, H, H, H, H, H, 
6,"	H", H, H, H, S, H, H, S, H, H, 
7,"	H", H, H, H, H, H, H, H, H, H, 
8,"	H", H, H, D, H, H, H, H, S, S, 
9,"	H", H, H, H, H, H, H, H, H, S, 
10,"	H", D, H, H, S, H, H, H, H, H, 
11,"	D", D, H, H, H, H, H, D, H, H, 
12,"	D", S, D, D, S, S, H, H, H, H, 
13,"	H", H, S, S, S, S, S, S, H, H, 
14,"	H", H, H, S, D, H, H, H, H, S, 
15,"	H", H, S, D, H, S, H, H, H, H, 
16,"	S", S, S, H, S, D, H, H, H, D, 
17,"	H", H, S, S, S, H, S, H, H, S, 
18,"	S", S, S, S, S, S, S, H, H, H, 
19,"	S", S, S, S, S, S, S, S, S, S, 
20,"	S", S, S, S, S, S, S, S, S, S, 
21,"	S", S, S, S, S, S, S, S, S, S, 
Soft,,,,,,,,,,,
,2,3,4,5,6,7,8,9, T, A,
13,"	H", H, H, S, H, H, H, H, H, H, 
14,"	H", S, H, H, H, H, H, H, H, D, 
15,"	H", H, S, H, H, H, H, H, H, H, 
16,"	H", H, H, S, H, D, H, H, D, H, 
17,"	H", H, H, H, S, S, D, H, H, H, 
18,"	H", S, D, H, D, H, H, D, H, H, 
19,"	H", S, D, D, D, S, S, S, H, S, 
20,"	H", S, S, H, D, S, H, S, S, S, 
21,"	S", S, S, H, S, D, S, S, S, S, 
,,,,,,,,,,,
iteration: ,10000,,,,,,,,,,
alpha: ,0.01,,,,,,,,,,
gamma: ,1,,,,,,,,,,
epsilon: ,0.99,,,,,,,,,,
games:  ,10000,,,,,,,,,,
,,,,,,,,,,,
Iterations, Win rate, Loss Rate ,,,,,,,,,
10000,0.4017,0.512,,,,,,,,,
,,,,,,,,,,,
Hard,,,,,,,,,,,
,2,3,4,5,6,7,8,9, T, A,
2,"	H", H, H, H, H, H, H, H, H, H, 
3,"	H", H, H, H, H, H, H, H, H, H, 
4,"	D", H, H, H, H, H, D, S, S, H, 
5,"	H", H, H, H, H, S, D, S, H, H, 
6,"	H", H, H, H, H, H, H, H, H, H, 
7,"	H", D, D, H, H, H, H, H, D, H, 
8,"	H", H, H, H, D, H, H, H, H, H, 
9,"	H", D, H, D, H, H, H, H, H, H, 
10,"	H", H, H, H, H, H, D, H, H, H, 
11,"	D", D, D, H, H, H, H, H, H, H, 
12,"	D", D, S, H, D, H, H, H, H, S, 
13,"	D", D, H, D, S, H, D, D, H, H, 
14,"	H", D, H, H, H, D, S, H, H, H, 
15,"	D", S, S, H, D, S, D, D, H, H, 
16,"	D", H, S, S, S, S, S, S, H, H, 
17,"	S", H, S, S, S, S, S, D, H, S, 
18,"	S", S, S, S, S, S, S, S, S, D, 
19,"	S", S, S, S, S, S, S, S, S, S, 
20,"	S", S, S, S, S, S, S, S, S, S, 
21,"	S", S, S, S, S, S, S, S, S, S, 
Soft,,,,,,,,,,,
,2,3,4,5,6,7,8,9, T, A,
13,"	D", H, H, H, H, D, H, H, H, H, 
14,"	H", H, H, H, H, H, H, H, H, D, 
15,"	H", S, H, H, D, H, H, H, H, H, 
16,"	H", H, D, H, D, D, D, D, H, H, 
17,"	H", D, D, H, S, H, H, H, H, H, 
18,"	S", H, H, H, H, S, H, H, H, H, 
19,"	H", S, D, H, D, H, S, H, S, S, 
20,"	D", S, S, S, S, S, D, H, S, H, 
21,"	S", D, D, S, S, H, S, S, S, S, 
,,,,,,,,,,,
iteration: ,10000,,,,,,,,,,
alpha: ,0.01,,,,,,,,,,
gamma: ,1,,,,,,,,,,
epsilon: ,0.99,,,,,,,,,,
games:  ,10000,,,,,,,,,,
,,,,,,,,,,,
Iterations, Win rate, Loss Rate ,,,,,,,,,
10000,0.4012,0.5176,,,,,,,,,
,,,,,,,,,,,
Hard,,,,,,,,,,,
,2,3,4,5,6,7,8,9, T, A,
2,"	H", H, H, H, H, H, H, H, H, H, 
3,"	H", H, H, H, H, H, H, H, H, H, 
4,"	D", H, H, H, H, H, H, H, H, H, 
5,"	S", H, H, H, H, H, S, H, H, H, 
6,"	H", H, H, D, H, H, H, H, H, S, 
7,"	H", H, H, H, D, H, H, H, H, H, 
8,"	H", H, H, H, H, H, H, H, H, H, 
9,"	H", S, H, H, H, H, H, D, H, S, 
10,"	H", H, D, H, D, H, H, H, H, H, 
11,"	H", D, D, D, H, H, H, H, H, H, 
12,"	H", D, S, D, H, H, D, H, H, H, 
13,"	D", S, S, H, D, D, H, S, H, H, 
14,"	S", S, S, S, D, S, H, H, H, H, 
15,"	S", H, S, S, S, H, H, H, D, S, 
16,"	S", S, S, S, D, S, S, D, H, D, 
17,"	S", S, S, S, S, S, S, H, H, D, 
18,"	S", S, S, S, S, S, S, S, H, S, 
19,"	S", S, S, S, S, S, S, S, S, H, 
20,"	S", S, S, S, S, S, S, S, S, S, 
21,"	S", S, S, S, S, S, S, S, S, S, 
Soft,,,,,,,,,,,
,2,3,4,5,6,7,8,9, T, A,
13,"	H", H, H, H, H, D, D, H, H, H, 
14,"	H", H, H, H, D, H, H, H, H, H, 
15,"	H", D, H, H, H, H, D, H, H, H, 
16,"	H", H, D, H, H, H, H, H, H, H, 
17,"	H", H, H, H, H, D, D, H, H, H, 
18,"	S", H, H, H, S, S, D, D, S, H, 
19,"	H", H, S, S, H, S, S, H, H, H, 
20,"	S", S, H, S, S, S, S, S, H, S, 
21,"	S", S, D, S, S, S, S, S, S, S, 
,,,,,,,,,,,
iteration: ,10000,,,,,,,,,,
alpha: ,0.01,,,,,,,,,,
gamma: ,1,,,,,,,,,,
epsilon: ,0.99,,,,,,,,,,
games:  ,10000,,,,,,,,,,
,,,,,,,,,,,
Iterations, Win rate, Loss Rate ,,,,,,,,,
10000,0.3976,0.5139,,,,,,,,,
,,,,,,,,,,,
Hard,,,,,,,,,,,
,2,3,4,5,6,7,8,9, T, A,
2,"	H", H, H, H, H, H, H, H, H, H, 
3,"	H", H, H, H, H, H, H, H, H, H, 
4,"	D", D, H, S, S, H, S, H, H, H, 
5,"	H", D, D, H, H, H, H, H, H, H, 
6,"	H", H, D, H, H, H, H, H, H, S, 
7,"	H", H, H, H, H, H, S, H, H, H, 
8,"	H", H, H, H, H, H, H, H, S, H, 
9,"	H", H, H, H, H, H, H, H, H, H, 
10,"	H", H, D, H, D, H, H, H, H, H, 
11,"	H", H, H, H, H, H, H, H, H, H, 
12,"	H", D, S, D, H, S, H, D, D, H, 
13,"	S", D, S, H, D, H, S, D, H, H, 
14,"	H", S, S, S, S, H, S, D, H, S, 
15,"	S", H, S, S, H, H, S, S, H, H, 
16,"	D", H, D, S, H, D, S, S, H, S, 
17,"	S", S, H, S, S, S, S, H, H, D, 
18,"	S", S, S, S, S, S, S, S, S, H, 
19,"	S", S, S, S, S, S, S, S, S, S, 
20,"	S", S, S, S, S, S, S, S, S, S, 
21,"	S", S, S, S, S, S, S, S, S, S, 
Soft,,,,,,,,,,,
,2,3,4,5,6,7,8,9, T, A,
13,"	H", S, H, S, H, H, H, H, H, H, 
14,"	H", D, H, D, D, D, D, D, H, H, 
15,"	H", D, H, H, S, H, H, H, H, H, 
16,"	S", H, H, D, D, H, H, H, H, H, 
17,"	D", S, H, H, S, S, H, H, S, H, 
18,"	H", H, H, D, H, S, S, H, D, H, 
19,"	S", H, S, D, S, D, S, D, H, D, 
20,"	S", S, H, D, S, S, S, H, S, D, 
21,"	S", S, S, D, S, H, S, S, S, S, 
,,,,,,,,,,,
iteration: ,10000,,,,,,,,,,
alpha: ,0.01,,,,,,,,,,
gamma: ,1,,,,,,,,,,
epsilon: ,0.99,,,,,,,,,,
games:  ,10000,,,,,,,,,,
,,,,,,,,,,,
Iterations, Win rate, Loss Rate ,,,,,,,,,
10000,0.3983,0.5099,,,,,,,,,
,,,,,,,,,,,
Hard,,,,,,,,,,,
,2,3,4,5,6,7,8,9, T, A,
2,"	H", H, H, H, H, H, H, H, H, H, 
3,"	H", H, H, H, H, H, H, H, H, H, 
4,"	H", H, D, H, H, H, H, H, S, H, 
5,"	H", H, H, H, H, H, H, H, H, H, 
6,"	H", H, H, H, H, H, H, H, H, S, 
7,"	H", H, D, H, H, H, S, H, H, H, 
8,"	H", H, H, H, H, H, H, H, H, S, 
9,"	H", H, H, H, H, H, H, H, H, H, 
10,"	H", H, H, H, H, H, H, H, H, H, 
11,"	H", D, D, H, H, H, H, H, H, H, 
12,"	D", D, H, H, H, H, D, H, H, H, 
13,"	H", H, D, S, H, H, H, H, H, H, 
14,"	D", S, H, S, S, H, D, S, H, H, 
15,"	S", S, H, H, S, S, D, D, H, H, 
16,"	S", S, S, H, S, D, S, H, S, S, 
17,"	S", S, S, H, S, S, D, S, H, S, 
18,"	S", S, S, S, S, S, S, D, S, S, 
19,"	S", S, S, S, S, S, S, S, S, S, 
20,"	S", S, S, S, S, S, S, S, S, S, 
21,"	S", S, S, S, S, S, S, S, S, S, 
Soft,,,,,,,,,,,
,2,3,4,5,6,7,8,9, T, A,
13,"	H", D, D, H, D, H, H, H, H, H, 
14,"	H", H, D, H, H, D, H, H, H, H, 
15,"	S", H, H, H, D, D, H, H, H, H, 
16,"	D", H, H, H, H, H, H, H, H, H, 
17,"	H", S, H, H, H, D, H, H, H, H, 
18,"	D", D, S, S, D, S, S, H, H, S, 
19,"	D", D, H, S, S, S, S, H, H, D, 
20,"	S", H, S, H, H, D, D, H, H, H, 
21,"	S", S, S, D, D, S, S, S, H, S, 
,,,,,,,,,,,
iteration: ,10000,,,,,,,,,,
alpha: ,0.01,,,,,,,,,,
gamma: ,1,,,,,,,,,,
epsilon: ,0.99,,,,,,,,,,
games:  ,10000,,,,,,,,,,
,,,,,,,,,,,
Iterations, Win rate, Loss Rate ,,,,,,,,,
10000,0.4161,0.498,,,,,,,,,
,,,,,,,,,,,
Hard,,,,,,,,,,,
,2,3,4,5,6,7,8,9, T, A,
2,"	H", H, H, H, H, H, H, H, H, H, 
3,"	H", H, H, H, H, H, H, H, H, H, 
4,"	S", H, H, S, D, H, H, H, H, H, 
5,"	D", H, D, D, H, H, H, H, H, H, 
6,"	D", D, S, S, S, D, S, H, H, H, 
7,"	H", D, H, H, H, S, D, H, H, H, 
8,"	D", S, S, H, H, D, H, H, H, H, 
9,"	H", D, D, D, H, D, D, H, H, H, 
10,"	D", D, D, D, D, H, D, H, D, H, 
11,"	D", D, D, D, D, D, D, D, D, H, 
12,"	S", D, D, D, H, H, D, H, H, H, 
13,"	H", D, S, S, S, H, H, H, H, H, 
14,"	S", S, H, S, S, D, H, D, H, H, 
15,"	H", D, S, S, H, H, S, S, H, H, 
16,"	S", S, S, S, S, S, D, H, S, H, 
17,"	D", S, S, S, S, S, S, H, S, S, 
18,"	S", S, S, S, S, S, S, S, S, D, 
19,"	S", S, S, S, S, S, S, S, S, S, 
20,"	S", S, S, S, S, S, S, S, S, S, 
21,"	S", S, S, S, S, S, S, S, S, S, 
Soft,,,,,,,,,,,
,2,3,4,5,6,7,8,9, T, A,
13,"	H", S, S, H, S, D, H, H, H, H, 
14,"	D", S, H, D, S, H, D, D, H, H, 
15,"	S", H, S, D, H, S, S, H, H, H, 
16,"	S", D, D, H, H, D, D, H, H, H, 
17,"	H", D, D, D, H, D, D, H, H, H, 
18,"	S", S, H, S, H, S, D, S, H, H, 
19,"	D", H, S, H, S, D, D, D, H, H, 
20,"	S", D, S, D, H, S, D, D, S, S, 
21,"	S", S, D, S, S, S, D, S, S, S, 
,,,,,,,,,,,
iteration: ,10000,,,,,,,,,,
alpha: ,0.01,,,,,,,,,,
gamma: ,1,,,,,,,,,,
epsilon: ,0.99,,,,,,,,,,
games:  ,10000,,,,,,,,,,
,,,,,,,,,,,
Iterations, Win rate, Loss Rate ,,,,,,,,,
10000,0.4103,0.507,,,,,,,,,
,,,,,,,,,,,
Hard,,,,,,,,,,,
,2,3,4,5,6,7,8,9, T, A,
2,"	H", H, H, H, H, H, H, H, H, H, 
3,"	H", H, H, H, H, H, H, H, H, H, 
4,"	H", S, D, D, H, D, S, H, H, H, 
5,"	H", H, H, S, S, D, H, D, H, H, 
6,"	H", S, D, D, S, H, S, S, D, H, 
7,"	H", D, D, H, H, H, H, S, H, D, 
8,"	S", H, D, H, H, H, H, S, H, H, 
9,"	H", D, S, S, H, D, D, H, H, H, 
10,"	D", D, D, D, D, D, D, D, D, H, 
11,"	D", D, S, D, D, D, D, D, D, H, 
12,"	S", S, H, D, S, H, H, H, H, H, 
13,"	D", S, S, S, S, S, H, S, H, H, 
14,"	H", S, S, D, H, S, D, H, H, H, 
15,"	S", D, S, S, D, D, D, H, H, H, 
16,"	H", S, H, H, S, D, D, H, H, H, 
17,"	S", S, S, S, S, S, S, H, H, H, 
18,"	S", S, S, S, S, S, S, S, S, S, 
19,"	S", S, S, S, S, S, S, S, S, S, 
20,"	S", S, S, S, S, S, S, S, S, S, 
21,"	S", S, S, S, S, S, S, S, S, S, 
Soft,,,,,,,,,,,
,2,3,4,5,6,7,8,9, T, A,
13,"	H", H, H, D, D, S, D, D, H, H, 
14,"	H", D, D, D, S, H, D, H, D, H, 
15,"	S", S, H, D, S, H, H, D, H, H, 
16,"	S", D, D, S, H, D, D, D, H, H, 
17,"	H", D, H, D, D, S, D, H, H, H, 
18,"	D", D, D, D, D, D, S, D, H, D, 
19,"	S", D, S, D, D, S, D, D, S, H, 
20,"	S", S, S, S, S, D, S, S, S, H, 
21,"	D", S, S, S, S, S, D, S, S, S, 
,,,,,,,,,,,
iteration: ,1000000,,,,,,,,,,
alpha: ,0.01,,,,,,,,,,
gamma: ,1,,,,,,,,,,
epsilon: ,0.99,,,,,,,,,,
games:  ,10000,,,,,,,,,,
,,,,,,,,,,,
Iterations, Win rate, Loss Rate ,,,,,,,,,
1000000,0.3849,0.5323,,,,,,,,,
,,,,,,,,,,,
Hard,,,,,,,,,,,
,2,3,4,5,6,7,8,9, T, A,
2,"	H", H, H, H, H, H, H, H, H, H, 
3,"	H", H, H, H, H, H, H, H, H, H, 
4,"	H", H, H, H, H, D, H, H, H, H, 
5,"	H", H, H, H, H, H, H, H, H, H, 
6,"	H", H, H, H, H, H, H, H, H, H, 
7,"	H", H, H, H, H, H, H, H, H, H, 
8,"	H", D, H, H, D, H, H, H, H, H, 
9,"	H", H, D, H, H, D, D, H, H, H, 
10,"	D", H, D, D, D, H, D, H, H, H, 
11,"	D", D, D, D, D, D, D, D, D, D, 
12,"	H", H, D, D, S, D, D, H, H, H, 
13,"	H", H, H, S, H, H, H, H, D, H, 
14,"	H", D, H, D, H, H, H, H, H, H, 
15,"	H", D, D, H, H, D, H, H, S, H, 
16,"	H", D, H, D, D, H, D, H, D, H, 
17,"	S", H, D, H, H, S, D, H, S, H, 
18,"	S", S, S, S, S, S, H, H, S, H, 
19,"	S", S, S, S, S, S, S, S, H, H, 
20,"	S", S, S, S, S, S, S, S, S, S, 
21,"	S", S, S, S, S, S, S, S, S, S, 
Soft,,,,,,,,,,,
,2,3,4,5,6,7,8,9, T, A,
13,"	H", D, H, D, D, H, D, H, D, H, 
14,"	D", D, H, D, D, H, H, H, D, H, 
15,"	H", D, D, D, D, D, D, D, H, H, 
16,"	D", D, H, D, H, D, H, H, D, H, 
17,"	H", D, D, D, D, H, D, H, H, H, 
18,"	H", D, D, D, H, H, H, D, H, H, 
19,"	D", D, D, D, D, D, H, H, D, D, 
20,"	H", D, H, H, H, D, H, D, H, H, 
21,"	S", S, S, S, S, S, S, S, S, S, 
,,,,,,,,,,,
alpha: ,gamma: , epsilon: , Win rate, Loss Rate ,,,,,,,
,,,,,,,,,,,
0.01,1,0.01,0.3909,0.5313,,,,,,,
0.01,1,0.02,0.39725,0.52215,,,,,,,
0.01,1,0.03,0.401666667,0.518733333,,,,,,,
0.01,1,0.04,0.403325,0.516275,,,,,,,
0.01,1,0.05,0.40578,0.51306,,,,,,,
0.01,1,0.06,0.404233333,0.515516667,,,,,,,
iteration: ,600000,,,,,,,,,,
alpha: ,0.01,,,,,,,,,,
gamma: ,1,,,,,,,,,,
epsilon: ,0.99,,,,,,,,,,
games:  ,1000000,,,,,,,,,,
,,,,,,,,,,,
Iterations, Win rate, Loss Rate ,,,,,,,,,
600000,0.388759,0.529035,,,,,,,,,
,,,,,,,,,,,
Hard,,,,,,,,,,,
,2,3,4,5,6,7,8,9, T, A,
2,"	H", H, H, H, H, H, H, H, H, H, 
3,"	H", H, H, H, H, H, H, H, H, H, 
4,"	H", H, H, H, H, H, H, H, H, H, 
5,"	H", H, H, H, D, H, H, H, H, H, 
6,"	H", H, H, H, H, H, H, H, H, H, 
7,"	H", H, H, H, H, H, H, H, H, H, 
8,"	H", H, H, H, H, H, H, H, H, H, 
9,"	D", D, D, D, D, H, D, H, H, H, 
10,"	D", D, D, D, D, D, D, D, H, H, 
11,"	D", D, D, D, D, D, D, D, H, H, 
12,"	D", D, D, H, S, D, H, H, H, H, 
13,"	H", H, D, H, D, D, H, H, D, H, 
14,"	H", H, D, H, H, H, H, H, D, H, 
15,"	H", H, H, H, D, H, H, H, H, H, 
16,"	D", D, H, D, H, H, H, H, H, H, 
17,"	D", H, S, H, H, D, H, H, D, H, 
18,"	S", S, S, S, S, S, S, H, D, H, 
19,"	S", S, S, S, S, S, S, S, S, H, 
20,"	S", S, S, S, S, S, S, S, S, S, 
21,"	S", S, S, S, S, S, S, S, S, S, 
Soft,,,,,,,,,,,
,2,3,4,5,6,7,8,9, T, A,
13,"	H", D, D, D, D, H, H, H, H, H, 
14,"	H", H, D, H, H, H, H, H, H, H, 
15,"	D", D, D, H, D, D, H, H, D, H, 
16,"	H", D, H, D, H, H, D, H, H, H, 
17,"	D", D, D, D, D, H, H, H, D, H, 
18,"	H", D, D, D, D, D, H, H, D, H, 
19,"	D", D, D, D, D, D, D, D, H, H, 
20,"	H", D, D, D, D, D, D, D, H, H, 
21,"	S", S, S, S, S, S, S, S, S, S, 
,,,,,,,,,,,
iteration: ,60000000,,,,,,,,,,
alpha: ,0.01,,,,,,,,,,
gamma: ,1,,,,,,,,,,
epsilon: ,0.99,,,,,,,,,,
games:  ,10000000,,,,,,,,,,
,,,,,,,,,,,
Iterations, Win rate, Loss Rate ,,,,,,,,,
60000000,0.3875673,0.5551888,,,,,,,,,
,,,,,,,,,,,
Hard,,,,,,,,,,,
,2,3,4,5,6,7,8,9, T, A,
2,"	H", H, H, H, H, H, H, H, H, H, 
3,"	H", H, H, H, H, H, H, H, H, H, 
4,"	D", H, S, H, D, D, D, H, D, S, 
5,"	S", S, H, S, S, S, H, S, S, S, 
6,"	H", S, S, S, D, H, H, S, S, S, 
7,"	S", S, S, H, H, S, S, S, S, D, 
8,"	S", S, S, S, S, H, H, S, S, H, 
9,"	S", S, S, S, S, H, S, H, S, S, 
10,"	S", D, S, S, S, S, S, S, S, S, 
11,"	S", S, H, S, S, S, S, S, S, S, 
12,"	S", S, S, S, S, S, S, S, S, D, 
13,"	S", S, S, S, S, S, S, S, S, S, 
14,"	S", S, S, S, S, S, S, S, S, S, 
15,"	S", S, S, S, S, S, S, S, S, S, 
16,"	S", S, S, S, S, S, S, S, D, H, 
17,"	S", S, S, S, S, S, S, S, S, D, 
18,"	S", S, S, S, S, S, S, S, S, S, 
19,"	S", S, S, S, S, S, S, S, S, S, 
20,"	S", S, S, S, S, S, S, S, S, S, 
21,"	S", S, S, S, S, S, S, S, S, S, 
Soft,,,,,,,,,,,
,2,3,4,5,6,7,8,9, T, A,
13,"	S", D, S, D, H, D, S, D, S, H, 
14,"	S", S, H, D, S, H, H, H, S, S, 
15,"	D", S, S, S, S, S, H, S, D, S, 
16,"	H", S, D, S, D, D, S, S, H, H, 
17,"	S", S, S, D, S, S, S, S, D, S, 
18,"	S", S, S, S, S, S, S, H, S, D, 
19,"	S", S, S, S, S, S, S, S, S, S, 
20,"	S", S, S, S, S, S, S, S, S, S, 
21,"	S", S, S, S, S, S, S, S, S, S, 
,,,,,,,,,,,
,,,,,,,,,,,
,,,,,,,,,,,
iteration: ,50000,,,,,,,,,,
alpha: ,0.01,,,,,,,,,,
gamma: ,0.01,,,,,,,,,,
epsilon: ,0.9,,,,,,,,,,
games:  ,100000,,,,,,,,,,
,,,,,,,,,,,
Iterations, Win rate, Loss Rate ,,,,,,,,,
10000,0.43492,0.498,,,,,,,,,
,,,,,,,,,,,
Hard,,,,,,,,,,,
,2,3,4,5,6,7,8,9, T, A,
2,"	H", H, H, H, H, H, H, H, H, H,
3,"	H", H, H, H, H, H, H, H, H, H,
4,"	S", H, H, S, D, H, H, H, H, H,
5,"	D", H, D, D, H, H, H, H, H, H,
6,"	D", D, S, S, S, D, S, H, H, H,
7,"	H", D, H, H, H, S, D, H, H, H,
8,"	D", S, S, H, H, D, H, H, H, H,
9,"	H", D, D, D, H, D, D, H, H, H,
10,"	D", D, D, D, D, H, D, H, D, H,
11,"	D", D, D, D, D, D, D, D, D, H,
12,"	S", D, D, D, H, H, D, H, H, H,
13,"	H", D, S, S, S, H, H, H, H, H,
14,"	S", S, H, S, S, D, H, D, H, H,
15,"	H", D, S, S, H, H, S, S, H, H,
16,"	S", S, S, S, S, S, D, H, S, H,
17,"	D", S, S, S, S, S, S, H, S, S,
18,"	S", S, S, S, S, S, S, S, S, D,
19,"	S", S, S, S, S, S, S, S, S, S,
20,"	S", S, S, S, S, S, S, S, S, S,
21,"	S", S, S, S, S, S, S, S, S, S,
Soft,,,,,,,,,,,
,2,3,4,5,6,7,8,9, T, A,
13,"	H", S, S, H, S, D, H, H, H, H,
14,"	D", S, H, D, S, H, D, D, H, H,
15,"	S", H, S, D, H, S, S, H, H, H,
16,"	S", D, D, H, H, D, D, H, H, H,
17,"	H", D, D, D, H, D, D, H, H, H,
18,"	S", S, H, S, H, S, D, S, H, H,
19,"	D", H, S, H, S, D, D, D, H, H,
20,"	S", D, S, D, H, S, D, D, S, S,
21,"	S", S, D, S, S, S, D, S, S, S,